1128609838655840256	De muy buena fuente tengo el conocimiento de que user propuso a user como embajador ante la ONU y #AD, e url	1128904660712955904	user user user user Esto huele a FAKE NEWS.. GUAIDO NO SE DEJA POR LO CUAL ARRIA NO IBA DE UNA
1128871825423966208	Cuanta verdad en las palabras del Jefe Diego. El mÃ¡s grande aliado de AMLO, es PeÃ±a. ğŸ‘ğŸ»ğŸ‘‡ğŸ» url	1128874327221215233	user Pero tambiÃ©n uno de sus Peores Enimigos, en su Ambicion de Poder... Fue ese "frente, que hizo con l url
1128963098726080512	user user Y yo ğŸ¤£ğŸ¤£ğŸ¤£ğŸ¤£estoy sÃºper tranquila	1128964299463041025	user user user Si, nunca habiamos estado mÃ¡s relajadas, tengo a mis hormonas aburridisimas.
1128873979421384705	user Ganaste .....he... *levanto mi cabeza un poco*	1128874549137870848	user *extiende una mano para ayudarlo a parar*
1128950814804971525	user user Ah, no te preocupes. Por mi no hay problema :)	1128960973031792640	user user Por mÃ­ guay!!
1128820617447464960	CuÃ¡nto quisiera una carlâ€™s jr para mi cumple :â€™(	1128916232445530113	user SÃ³lo vas a tener un manifiesto comunista de Karl Marx
1128833443436089344	user No es feo!	1128838717333004288	user Pero
1128855452819828737	user estoy en la misma amiga	1128855591055704069	user encima primera hora, esta complicada la cosa ğŸ¤§
1128915304644526080	user Pero la cosa es que SansÃ³n quiere ir pa alcalde, y viendo cÃ³mo tiene la finca de miserable... hasta t url	1128916631823036421	user No te preocupes, si se pone tonto nos plantamos to'l pueblo en su puerta y llevamos las gallinas
1129001379480113153	user un amigo me contÃ³ lo que sucedÃ­a con Armin y Bertholdt	1129005332204793857	user yo me referia a otra cosa pero ya la descubriras tu
1128914671229181952	El PSIB-PSOE era tradicionalmente el partidos de los forasters. Ahora es un partido nacionalista mÃ¡s. Es lo que pas url	1128915540985171969	Aparte de su nefasta polÃ­tica econÃ³mica de endeudamiento y gasto sin que el ciudadano lo note en nada. De la educac url
1128924701785501696	user Eso es delito?	1128926642863259649	user Expulsar a una familia para que ella especule lo es, pero como la ley la hacen para que ellos lo puedan h url
1128989087233380353	*IMAGEN FILTRADA* Vigil vs NÃ¸kk en el mapa de Casa. Las imÃ¡genes hablan por sÃ­ solas. NÃ¸kk serÃ¡ un meta defining. url	1128989280364388352	user user Me estÃ¡s vacilando?
1128948180303749121	í¥íŠœë¸Œ ì˜¤í”ˆí–ˆì–´ìš”!^^ êµ¬ë…ê³¼ì¢‹ì•„ìš” ë§ì´ ëˆŒëŸ¬ì£¼ì„¸ìš”! 6ì‹œì²«ì˜ìƒì…ë‹ˆë‹¹! url	1128972701211586560	user Baby me acabo de levantar y mira con lo que me sorprendes ahorita mismo voy a you tube â¤â¤â¤â¤â¤ #EXO url
1128860045377245187	me hablo, le hable.. seguimos hablando.. pero nunca pasa de eso que yo siempre desinstalo la app, PERO AHORA ME INV url	1128860141858766849	encima estoy gorda y bue bro nonoNONONO
1128914751025762304	mi uber se venÃ­a quedando dormido y yo sÃ© q estÃ¡ dlv tener la necesidad de trabajar en las madrugadas, pero tambiÃ©n url	1128915369480073216	no sean asÃ­, neta estuvo dlv ver como Ã­bamos a chocar en cada curva o que el auto de detuviera de la nada, no sÃ©, p url
1128648683413753862	user url	1128972117842829312	user user Se convocÃ³ una marcha con velas para maÃ±ana viernes 17 Mayo 18 hs en plaza Lavalle, par url
1128998111643414529	user user para sancionar a cerro tuvo que tener 4 o 5 antecedentes pesados. A fÃ©nix de una lo sancion url	1129000181385576448	user user Adri leete el fallo por lo menos. Aunque ya se que te falla. FÃ©nix ni siquiera colaborÃ³ url
1128960008161505280	Conceptos generales glucolisis: Durante la glucÃ³lisis se obtiene un rendimiento neto de dos molÃ©culas de ATP ; el A url	1128960146913341440	Puede usarse como fuente de poder reductor en reacciones anabÃ³licas; si hay oxÃ­geno, puede oxidarse en la cadena re url
1128827443207462913	Huhuuu !! Sonando ahora na user mi #FavoritasLacyberadio #AqueleAmor de user ft user . M url	1128990933373116416	user user user user Buenos dias y gracias #Lacyberadio!!
1128672550387580930	Amigos fans del gobierno: Â¿en serio creen que con el salario de un trabajador pueden pasearse sus hijos por Estambu url	1128804999323148289	user Igual estaba tu familia cuando usurpaste la presidencia, hipÃ³crita y borracho
1128631344903405570	Ayer 14 de mayo, Zannini me enviÃ³ este video que le habÃ­a mandado Fernando Borroni, periodista, hecho por la Asocia url	1128790394760781825	user Anda a poner la cara en la justicia, deja la novela y defendete allÃ­
1128864970509307905	HÃ¡blenme del seguro de cesantÃ­a. Soy una ignorante y quiero saber como se cobra eso	1128914056419713024	user Es una maravilla
1128794502431485952	no las acepta porque tuvieron un problema con un gg mujeres y desde ahi las muertes estan cerradas para las trainee url	1128797155957854208	user Lamentable es que no sepas el significado de una palabra, si la empresa fuera MISÃ“GINA no aceptarÃ­a a url
1127565635997843458	Quiero dar a mis hijas un testimonio de vida de que mÃ¡s allÃ¡ de la distancia y las dificultades nada ni nadie podrÃ¡ url	1129017084128702465	user FUERZAS KEIKO, esto solo es una pesadilla, pronto se acabarÃ¡, y retornarÃ¡ al lado de tu linda famili url
1128852095094972416	Que respetan la separaciÃ³n de poderes, pero cuando les conviene. user cada vez mÃ¡s violento en su comunicaciÃ³ url	1128883139231850496	user user Alguien que por favor le quite ya el micrÃ³fono al imbÃ©cil de user lo antes posible, url
1128465248707596289	NÃ³tese que el Ãºnico tramo que hacen bien consiste en arrastrarse. Sin duda, es parte importante de su formaciÃ³n. url	1128813157101821952	user user Pero le tienen que levantar la cerca x donde se arrastra para que no se quede atorado por obesoğŸ˜
1128968396387885057	user A q horaaaaa	1128968532329418752	user A las 9
1128848758173835266	user Entreguen cordoba y entre rios a uruguay ahre	1128851958494896128	user Entre rÃ­os no pero si querÃ©s te cambio CÃ³rdoba por una torta frita
1129009574437150728	Multan con $800.000 a ciudadano por grabar procedimiento de PolicÃ­a url	1129019621942734848	user Estos casos estÃ¡n destruyendo mÃ¡s de lo que estÃ¡ el asqueroso sistema de justicia colombiano
1128973348858400768	Ni te mataron ni seguÃ­s mejor! YA SABEMOS QUIEN Y QUE CLASE DE PERSONA SOS! url	1128977721294508033	user Buen dÃ­a para vos! Desde el 2010 le silenciÃ© 800 cuentas al problemÃ¡tico Demasiado rompe cocos
1128615480594448384	Mirad, series buenas DE VERDAD. Y no esas chustas que veis (?) son: - La maravillosa seÃ±ora Maisel - Studio 60 - url	1128798955523977217	user Estoy enamorado de Miss Maisel
1129003433065930752	SerÃ¡s la mÃºsica que te permitas sentir.	1129007714032640000	user Una vez me dijo un psicÃ³logo que la mÃºsica es para reafirmar sentimientos. De eso depende la mÃºsica qu url
1128800212049379329	user user user user user user user Lo mataste	1128808287703642118	user user user user user user user Bueno, ja, ponele. Si url
1128941675626283008	user Felicidades bro ğŸ‘	1128942083224547328	user Thanks seÃ±or algÃºn dÃ­a le ganaremos!!!
1128997935834902531	esta foto tiene el mismo vibe que mi icon, esa expresiÃ³n es lo mASS	1128998692143415297	user a ver a ver sonreime asÃ­
1128867602107752449	"Lo que pasa es que han creado para la sociedad y para distraer de los verdaderos corruptos, no digo que acÃ¡ no hay url	1128944636729417730	user Muy bien congresista. Se confirman mis sospechas. Todo este rollo de "reforma polÃ­tica" no es mÃ¡s url
1128894216610861056	Vamos user ğŸ”µâšªï¸ url	1128900701285945344	user user Gracias por aceptar venirğŸ™
1128967360432476161	user Ah si, es verdad, el final del 2 xddddd	1128991301893001216	user No me lo recuerdes...T_T
1128786067006660608	"El cuervo te dio un tercer ojo, pero no lo abres. Con dos ojos puedes verme la cara. Con tres podrÃ­as verme el cor url	1128875228736643072	user â€œDe pie, Sir Brienne de Tarth, caballero de los Siete Reinos." Jaime Lannister. #GameofThrones url
1128866114258161664	user user F	1128866303236874240	user user user lol no se que pasÃ³
1128781738690400261	Lo que aÃºn no entiendo es por quÃ© los cobardes que han escracheado a user estando a punto de dar a luz n url	1128790856176230400	user user La cantidad de sandeces que hay que leer al cabo del dÃ­a...
1128719745791008770	Endulzando la tarde! url	1128858195764678658	user Se atienden bien. Buen provecho!
1128622278374318081	Â¿QuÃ© sabes tÃº de paciencia? JamÃ¡s tuviste que esperar a mi esposa mientras habla con las demÃ¡s mamÃ¡s del colegio.	1128827950890213377	user Mi mamÃ¡ es profesora, y siempre hay que buscarla 30min despuÃ©s de que sale por eso.
1128963815687819264	user Pero sabe hablar?	1128966627440168960	user Esta a un par de millones de aÃ±os de que le salga vida inteligente.
1128923140132884480	Griezmann, la llave que puede traer a Neymar al Real Madrid url vÃ­a user	1128975266485866496	user user Proxima publicacion: Griezmann hace imposible la llegada de MbappÃ© al Real Madrid. Dos url
1128912244262227969	user user me recuerda a las clases de mÃºsica de Don Carlos con la flauta	1128914148715376641	user user aaaayyyy jajajaajja lo que pasa que don carlos despuÃ©s gritaba desesperado
1128806987930767360	La firma del acuerdo comercial con Reino Unido que realizamos junto con Colombia y PerÃº es un gesto de confianza in url	1129009614492721152	user Un excelente progreso para nuestro paÃ­s, Felicitaciones Sr. Presidente
1128786067006660608	"El cuervo te dio un tercer ojo, pero no lo abres. Con dos ojos puedes verme la cara. Con tres podrÃ­as verme el cor url	1128912475326312448	user "Si gano, llevarÃ© tu cabeza a Cersei para que puedas besarla por Ãºltima vez". Euron Greyjoy. url
1128822384113405954	O yo empece a madurar y tomarme la vida de otra manera o todos se volvieron pelotudos de golpe.	1128969274536747008	user la segunda es mas probable amix
1128881563264016385	user Y lo peor de todo es que les da igual	1128881830827106305	user Les sale tan rentable, la gente estÃ¡ tan ciega...
1128877221748379648	Si oran antes de dormir y les queda un campito, encomiÃ©nden a la seÃ±ora mamÃ¡ y al cirujano que la opera maÃ±ana. ğŸ™ğŸ™	1128967122141495296	user Dios primero todo saldrÃ¡ bien ğŸ™ğŸ¼
1128787725686071296	AmÃ©rica sale jodido de la decisiÃ³n, pero se tenÃ­a que tomar. AmÃ©rica-LeÃ³n La Corregidora de QuerÃ©taro	1128814784604807168	user Porque jodido? En AmÃ©rica aquÃ­ en Qro. siempre es local.
1128996069449314305	.user trata a Nuevo LeÃ³n como un estado â€œfifÃ­â€: Colosio Riojas url url	1129001132754395137	user user Claro, porque user desprecia todo lo que representa lo productivo, lo que url
1128620544583196673	no me cabes ni un poco amigo	1128836863526100992	user Yo sÃ© que si bro salu2
1128891188512219137	user triste porque vos no me das bola por lo tanto no te puedo agregar	1128891326966190081	user Pasanada, no quiero estar igual Jajajajajaja
1128876119451754496	De igual forma seguimos muy bajos en votos, necesitamos 30K aquÃ­ ğŸ‘‡ğŸ¼ #PremiosMTVMIAW #MTVLAFANDOMJULIANTINAFANS #MTVLAPAREJAJULIANTINA	1128921168872902657	user 33 juliantina va a ganar #PremiosMTVMIAW #MTVLAPAREJAJULIANTINA #MTVLAFANDOMJULIANTINAFANS
1128972505639727104	user user Se merece que ni la mamÃ¡ le pare bolas	1128972671159554049	user user Y hay gente que lo defiende, en serio esos defensores merecen repudio de todos los colombianos .
1128811875930660864	I could never get tired of Kiara	1129010654831087617	user te quiero mucho babe !
1128793843405602816	Hoy estuvimos junto al Profe en el Club Americano de Buenos Aires hablando del proyecto Despertar para Argentina. url	1128797399336587265	user user user larga el dato donde te empilchas?
1128872855922462720	user 2012 es reciente? El panorama ha cambiado lo suficiente para llevar a cabo otras primarias.	1128965494336315392	user user Si hicieran primarias en estos momentos le iria peor a MC, puede que Arria mejore un poco
1128795051046395904	user AsÃ­ como lo lees, me agarrÃ³ a chingazos una loca en la calle mientras esperaba el camiÃ³n para el trabajobğŸ˜‚ğŸ˜‚ğŸ’”.	1128799764827582466	user No mms ğŸ˜‚ğŸ˜‚ğŸ˜‚
1128708998109310981	Este gobierno estÃ¡ rebasado. JesÃºs Orta Martinez tiene una muy difÃ­cil labor de preparar a nuestros oficiales ante url	1128884695192735745	user user Ah es culpa de este gobierno todo es culpa de Ã©l
1128979928203112448	Los mismos que le pidieron a Disney que vuelvan a rodar The Last Jedi. Tiene que ser muy jodido el creerte que la o url	1129014601528619008	user The last jedi me parecio malisima,sin embargo no pedire un remake por que el arte es libre y tal...ah y po url
1128741464744321026	Â¿EstÃ¡ de acuerdo con la renuncia del fiscal general de la NaciÃ³n? #RenunciaElFiscal	1128956309875904512	user El problema no es ..estar o no de acuerdo...estÃ¡ en que venga el que venga ...nunca acatarÃ¡n invest url
1129016944844107777	[ì—ë¦­] 3000ë§Œí¼ ì‚¬ë‘í•´ â¤ï¸ Love You 3000 ğŸ’• url	1129017122129100801	user TE AMOOOO
1128923664169226242	user "Coge el mando con las manos"	1128932812663480320	user que no te peguen, los tiras fuera y les quitas los stocks
1128835978867687425	user Necesitas un acompaÃ±ante hno??	1128843834551689218	user Si despuÃ©s te arrugas cagÃ³n, jajajaj
1128847655218614272	Uds cuÃ¡nto tiempo le ponen a que el paraco hp empiece a hablar mal de Duque y le dÃ© la espalda para quedar bien Ã©l url	1129005914923700226	user Unos seis meses
1128814322199797760	user Mija, de nada se estÃ¡ seguro en esta vida.	1128819146735722498	user Calla amargada ! DÃ©jame ser feliz jajajaja
1128763645956116480	15/05/1975: La ForÃ§a AÃ©rea Brasilera donÃ³ a su par paraguaya siete aviones de ataque N.A. T-6D â€œTexanâ€ artillados url	1128988630142324736	user Excelentes vuelos de acrobacia hacÃ­an, tuve la oportunidad de asistir a varias exhibiciones, realmen url
1128772177774485506	ğŸ†˜ï¸ğŸ†˜ï¸ğŸ†˜ï¸ğŸ†˜ï¸ğŸ†˜ï¸ğŸ†˜ï¸ La PolicÃ­a, en mÃ¡xima alerta para capturar al fugitivo Mohamed Soultana, extremadamente peligroso y vi url	1128939013719642112	user user Igual entra a EspaÃ±a y lo acogen por MENA. No trae documentos...
1128897965601501185	user user user ğŸ¤£ğŸ¤£ğŸ¤£ğŸ¤£ğŸ¤£ğŸ¤£Claro todos los diarios mientenğŸ¤£ğŸ¤£ğŸ¤£ğŸ¤£ğŸ¤£ğŸ‘ğŸ»ğŸ‘ğŸ»ğŸ‘ğŸ»ğŸ‘ğŸ» Solo lo que vos decÃ­s es lo correcto. Fuerza	1128899006216790016	user user user Mira te doy un ejemplo, acÃ¡ tenemos un Defensor del Pueblo que todos se hicieron eco po url
1128867536286756865	user url	1128870032094769152	user Usted no es ni una ni otra ğŸ¤­ğŸ¤­
1128962682281967616	user Ambos son la caÃ±a, vamos que voy adquirir mi sudadera user	1128972231168659456	user Gracias. Es una fabulosa elecciÃ³n ğŸ™ŒğŸ»
1128969759863840768	Pues no, no tengo ningÃºn justificante porque la primera vez me tocÃ³ hace 9 aÃ±os y mire no pensaba que Ã­bamos a llegar a esta situaciÃ³n	1128970322953293824	La seÃ±ora me mira y me dice: y quÃ© pasa, que no te "apetece" ir? A ver seÃ±ora no es cuestiÃ³n de apetencia esto, que url
1128834522471174144	user Es que soy mÃ¡s joven ğŸ˜	1128834728893845504	user jajaja me le cayÃ³ el carnÃ©
1128414663442665472	.user anuncia #IPC de abril (darÃ­a cerca de 4%) y la duda es quÃ© pasarÃ¡ desde junio ğŸ“Š Opinan url	1129002958153297920	user user user user user user user user url
1128467418341367809	Paja por video llamadağŸ˜ˆ	1128784636048547840	user Dejame un chat a directo pues
1128701716986236928	No quiero ni pensar q habrÃ­a pasado si la extrema derecha Le hace algo asÃ­ a Irene Montero en la Ãºltima recta de su url	1128929802210238464	user A usted por lo que se ve es de esas personas que le preocupa mÃ¡s en una protesta pinten a un represe url
1128837117147262976	AsÃ­ nos responde (y salva) la naturaleza. Granizo y lluvia en #CDMX Â¡Gracias TlÃ¡loc! url	1128878085263306752	user Pues mÃ¡s o menos xq eso q cayÃ³ es lluvia Ã¡cida
1128830432911515650	Mejor que no lo lea Nadal. à² _à²  url	1128850516019224576	user Por eso es que estaba mÃ¡s enfurecido aÃºn Rafa
1128975818162692096	user Si ija, si.	1128977528406925312	user Te aguantas dale caÃ±a al guaperas que todavÃ­a no te visto decirle na al flojo ese
1128868469636771848	La neta si no me felicitaste no me hables mas ğŸ˜‚	1128869377187745792	user ay prdnğŸ˜¢ğŸ˜©... Feliz dÃ­a ProfeğŸŒ» url
1129010765879566336	user user user Aqui en el estado de Texas, Marlon recibiria una inyeccion letal mientras Marli url	1129011132386168834	user user user Te das cuenta que ni siquiera entre los mismos Estados Unidos no todas la partes s url
1128864555684249603	user Como de mierda bo si quedo el pro!	1128865468671045633	user user Si vo
1128915238487613440	user user user user user user Milagro que el cruz azul no se comiÃ³ 4 url	1128916656548397057	user user user user user user Te estas desviando de tema, te esta salie url
1128914585942200320	Lista para aprovechar el dÃ­a a tope!!! #formaciÃ³n #elearning #aprendizaje #innovaciÃ³n #blended (@ Aeropuerto de Sa url	1128918250476195840	user user Voy a tu encuentro.....
1128789746254340097	DARK TEAM EMILIO EN MIXUP #PremiosMTVMIAW #MTVLAPAREJAARISTEMO #MTVLAFANDOMARISTEMOFANS	1128800067157147649	user Vddx EMILIO EN MIXUP #PremiosMTVMiaw #MTVLAPAREJAARISTEMO #MTVLAFANDOMARISTEMOFANS
1128974660027199490	Despertarse con morados porque ayer le diste bien bien fuerte en bodycombat y ahora el tendÃ³n de la mano y se te duerma la mano. ğŸ¤¦â€â™€ï¸	1129007634558930944	user ğŸ¤£ğŸ¤£ğŸ¤£ğŸ¤£ que todos los morados se deban a eso!
1128811205898985472	user vos me respondiste el tweet y habla de jubilaciones no se de que te sorprendes url	1128811932469874688	user Me referÃ­a a que no tiene sentido lo que me respondiste
1128775061467533312	Provida que se quejan mÃ¡s de un escrache a una embarazada que por un desahucio de un bebÃ© que se queda en la puÃ±ete url	1128898146627670016	user Porque los desahucios los ha hecho ella ? Carmena lleva 12100 desahucios ...
1128947619353550849	Y los demÃ¡s no tienen ni idea cuando lo critican. En su haber cuenta haber conseguido la divisiÃ³n y el sectarismo d url	1128948478921576448	Tener valentÃ­a empresarial y apoyad este vuestro proyecto "SetiÃ©n" cuando pase la temporada prÃ³xima se habrÃ¡ termin url
1128602064345546752	user Felicidades, estÃ¡s en Madrid?	1128788783665700865	user Si tio
1128872152139276288	TATTOOS ARE SEXY â˜ºï¸ url	1128965188491862016	user Eres una super mujer hermosa Perfecta dirÃ­a yo user
1128984199241904130	Â¡Juego de tronos ya casi ha terminado y para celebrarlo vamos a hacer un mega sorteo! ğŸ¥³ RT + FOLLOW + responde jun url	1129002675981422592	user Stannis Baratheon que para eso era el Rey LegÃ­timo #JuegoDeTronosEnFnac url
1128976215669395457	user CÃ³mo te deprimieron ??	1128983316290519040	user Mucha gente rara y el lugar sucio y para mi gusto mucha gente fea
1128774949991329792	user user Auspiciado por la UCAL .. url	1128861169530417153	user user user Esa foto estÃ¡ con harto fotoshop
1128934395266686976	Condena ejemplar contra el veneno en Navarra. El uso de este tipo de cebos es ilegal y pone en serio peligro no sol url	1128959585434374145	user user AÃºn les ha caÃ­do poco
1128824838758555650	user Amigo te hace mal estudiar mucho	1128833835226062849	user Trae la play asÃ­ me distraigo
1128878602634878976	Nunca aceptarÃ© una salida con un morrito que tenga novia, no por Ã©l, sino por ella que estÃ¡ ilusionada de alguien que no vale la pena.	1128885366839287814	user Ay no, muy familiar
1128840745274814469	Paa me arden feo las orejas .. quiÃ©n serÃ¡ que estÃ¡ acordando de mi tan lindo asÃ­	1128841573796655104	user Yo te estoy sacando el cuero bb
1128725003040690178	SABIAN QUE EEUU LE SUSPENDIÃ“ TODOS LOS VUELOS A IRAK 24 HORAS ANTES DE TIRARLE EL COÃ‘AZO A SADAN	1128894023702384641	user Con tal y no quedemos como Irak o Libia o Siria vueltos mierda mÃ¡s de los que estamos
1128790117467004929	Le mando tantos memes a las personas que no se como nadie m bloqueo todavia	1128791644512423936	user a mi no me llego ninguno u.u
1128939978556362753	user user user Cacho bichoooooo ğŸ‘ğŸ‘ğŸ‘ğŸ‘	1128940597832822785	user user user Me suspendieron la cuenta y sin acceso a quien seguÃ­a los twuiterospajilleros url
1128944425110003712	Ortega Smith: "Primo de Rivera es para mÃ­ uno de los grandes hombres de la historia" url	1128990744226795520	user Estos cada vez que abren la boca ...
1128827547146424324	user user A quÃ© se las hace otra vez!!! url	1128874935189934080	user user Que les dije!!!y fueron varias!!
1128930868557434880	alicia: hace cosas para que las comente yo: las comento alicia: url	1128930951046848512	user VAMOS A VER ESTOY LITERALMENTE EXISTIENDO PUEDES PARAR
1128819296770170880	Solo amor y admiraciÃ³n por elâ¤ï¸ url	1128842542504714240	user Grande el profe Candelo!
1128676461559320577	La cancelaciÃ³n del NAICM los marcÃ³ de por vida. No lo pueden superar. Es un trauma, un dolor agudo, una decepciÃ³n q url	1128843100426711041	user Pues ... Siiiiiii, claro!!!!, ha sido el mayor error y daÃ±o al paÃ­s hasta ahoraâ€¼ï¸â€¼ï¸â€¼ï¸â€¼ï¸â€¼ï¸â€¼ï¸â€¼ï¸â€¼ï¸
1128888210967240704	Â¡Â¡ Definitivamente es la presentaciÃ³n mÃ¡s bonita de Buy With Luv !! amo ver como la calidad de BTS es tan buena que url	1128891297186689024	user Voy a ser sincera no me parece mucho que comparen a BTS con The Beatles los 2 grupos los amo pero son 2 url
1128859209129500675	ImagÃ­nense ir a un concierto de Ludovico EinaudiğŸ¤¯	1128867368803766272	user MorirÃ­a ğŸ¤©
1128929686858457088	Las leyes no siempre se hacen pensando en el pueblo soberano, sino mÃ¡s bien en aquel que lo administra. Roban, pero url	1128930304515870721	Â¿QuiÃ©n no tiene un polo rosa para lucir en primavera y ejercer de patriota envuelto en la bandera de la invisibilid url
1128811124709908480	IncreÃ­ble actuaciÃ³n de los jinetes de PS4 con 9/9 partidos ganados en 3 dÃ­as. Ya me lo dijo user y poco a poc url	1128986407345807360	user user user Lo mejor de PS4 es la defensa i tu fuerza cuando nos hablas â¤
1128912788087300097	user url â€¼ï¸	1128920973577732096	user Oh, pues luego lo pruebo! Aunque habrÃ¡ partes que no sean accurate de cuando Sam usaba mi portÃ¡til para verlo xD
1128826766892654592	La combinaciÃ³n de Elle Fanning con user es lo mejor que pudo pasar en #Cannes2019 ğŸ˜ Que dedicaciÃ³n ant url	1128891738163154945	user user Ese cabello es lo que todas las inventadas con coronas de flores en el Corona capital quisieran tener!
1128968042157936641	user Sin dudas y deberÃ­an tomar como ejemplo en otros puntos de Argentina.	1128969005962858496	user Si, por ello invitamos a participar a una de ellas en unos de los paneles en presentaciÃ³n del #Cedemisiones
1128834328811773953	AquÃ­ cerca de donde vivo se esta acumulando â€œ un poquitin de basuraâ€ alguien le podrÃ  avisar a â¦userâ© ? A url	1128941550594088962	user user Gorex. AsÃ­ de cochinos son esos vecinos de tu barrio. Al menos que usen botes de basura.
1128675733558169600	Cersei: Ned Stark es un traidor y ha conspirado contra el difunto rey Ciudadanos de Desembarco: *no tienen forma d url	1128956015104462848	user Este mismo pueblo tb son los que escupian y llamaban puta a Cersei en el camino de la verguenza, asi url
1129015807185444864	user Buen jueves Maru!! ğŸŒˆğŸŒğŸ˜˜	1129019122833076225	user Buen dÃ­a Marian!ğŸ˜˜ğŸŒºğŸ˜˜
1128786750485270528	Disponibles en nuestra cuenta oficial de Flickr, fotografÃ­as de la presentaciÃ³n del Informe de Estabilidad Financi url	1128790046352531461	user Que trabajo tan profesional, serio, confiable y colaborativo con el paÃ­s ha hecho el BANCO CENTRAL!! url
1128842709534429184	DARK TEAM EMILIO EN MIXUP #PremiosMTVMIAW #MTVLAPAREJAARISTEMO #MTVLAFANDOMARISTEMOFANS	1128847504353714176	user Diez EMILIO EN MIXUP #PremiosMTVMiaw #MTVLAPAREJAARISTEMO #MTVLAFANDOMARISTEMOFANS
1128879523720830976	This Agamemnon is more unlikeable than the one in Troy.	1128883534071029765	Omg. No no no no.
1128428697340579841	user Todos los conservadores que criticaron al ANTEL Arena, van a ir a ver al Cirque du Soleil en julio, url	1128790335939911681	user user Y eso q tiene q ver, no entremos en esa, todas las cosas q han hecho blancos y colora url
1128810844089999361	user No le tengo miedo a casi nada creo url	1128865904874405894	user vamoo, ya quisiera hablar en pÃºblico es una mierda ahre
1128260175310262272	AllÃ¡ arriba hay un juez que todo lo ve y yo confÃ­o en Ã©l ğŸ¶âœ¨	1128882904375992320	user Tal cual ica!!!!no te dejes presionar x nada ni x nadie y hacÃ© lo q tu corazÃ³n te dicte!!Â¡
1128857604271222790	Â¡Segundo Round! Juliana tops ğŸ‘ #PremiosMTVMIAW #MTVLAFANDOMJULIANTINAFANS #MTVLAPAREJAJULIANTINA	1128868140606267392	user un perro #PremiosMTVMIAW #MTVLAPAREJAJULIANTINA #MTVLAFANDOMJULIANTINAFANS
1128700945297227776	AgresiÃ³n en mi contra del Diputado de RN RenÃ© Manuel GarcÃ­a, a quien se le pedÃ­an explicaciones por su violento acc url	1128867276436987904	user user user Â¿Todo bien en casa con los que justifican la violencia del diputado en re url
1128846818467618817	user user creo q es novio d una influencer ni idea	1128849224005824512	user user user Omg! Quien pudiera, debe ser una influencer reconocida!
1128673153419501568	user user user La decencia no estÃ¡ en su vocabulario, solo buscan el lÃ­o y no les impor url	1128924277032415232	user user user user Â¿Te has mirado el ombligo? Lo digo por lo de extrema.
1128818633696849921	Soy la mejor compaÃ±era del fucking mundo les llevo galletas caseras a mis compis:p	1128831666670252033	user sol volve al conflu ğŸ™ğŸ»
1128374069248897024	ImagÃ­nenlos otra vez en el poder. El cordÃ³n lo van a hacer alrededor del cuello de varios de nosotros. url	1128833851793596417	user El que nada hace nada teme...
1128738845833531393	QuÃ© le conviene mÃ¡s al gobierno, que el juicio contra Cristina arranque como corresponde o que se dilate con la con url	1128944242733326336	user user A cualquier gobierno republicano le conviene el correcto funcionamiento de las institucio url
1128705372766781440	Yo creo que muchos ex guerrilleros y ex jefes de las farc, cometieron crÃ­menes y no son unos angelitos. Pero se hiz url	1128995391360372736	user Deje de desinformar. Los paramilitares SI fueron extraditados, y no estÃ¡n en el congreso. Mequetrefe
1128983219934814210	user user Voy a usar el pirÃ³metro para ver quÃ© tan caliente tienen el bocho	1128983425506004992	user user Buscate uno con un amplio rango
1128909175378120704	user Gracias por llevarme #pijudo	1128909300209016833	user MaÃ±ana vamos con la user
1128420255024472064	Nombra una palabra mÃ¡s venezolana que "coroto". Espero.	1128844555720306688	user La Ponchera El Macuto Confiro puesss..
994737009217372161	Getting Rapunzel vibes from these ğŸ˜‰ #usedpanties #pantysniffer #pantyseller #pantybuyer user user url	1128911643830882304	user user user user user Muuuuuuaaaa que rico
1128887284814602241	[#ì˜¤ëŠ˜ì˜ë°©íƒ„] BTS @ The Late Show with Stephen Colbert!ğŸ˜ user #BTSonLSSC url	1128888440802676736	user user LOS AMO LOS AMO
1128497398932811776	DIOS QUE LE PASABA url	1128942442181480448	user Esa persona es muy pelotuda url
1128831211231698944	user user user	1128831499283914753	user user user MANO KBUBJGFHHIJJJINOJINIHIHHH mano de que universo paralelo ele veio
1128826367414607873	TomÃ© once con unos tÃ­os, gente de otro tiempo que se informa por TV y los diarios. NO TENÃAN IDEA de las peripecia url	1128938445357948929	user Para eso estÃ¡n... para desinformar.
1128849838165172224	;) url	1128854156716969985	user Que buenos auriculares con bluetooth hermano
1128031567668969474	Hoy toca asÃ­ ir a la escuela... url	1128799169462845441	user wow que rica te ves
1128934550099365888	user Ya te digo jajajaja	1128934888692998145	user user Comentan por ahÃ­ que puede ser una promo del disco que van a sacar los mojinos
1128789486681378816	Cuentan no sÃ³lo con #bodegas sino tambiÃ©n con una fÃ¡brica de aceite de oliva y una huerta #orgÃ¡nica, ademÃ¡s de real url	1128789711286349824	Actualmente son tres familias las que se abastecen de esa producciÃ³n, pequeÃ±os productores que comenzaron de cero y url
1128816615502635008	La intenciÃ³n de Ricardo Anaya es simple: manchar el triunfo de AMLO con eso de que la contienda "no fue equitativa" url	1128829691291414528	user Te leo bastante alterado a pesar de la gran diferencia de votos xdd
1128849523634319361	Poxa tem uma galera que eh moh gente boa nas ranqueadas mas eh muito ruimzinho mano da mto do falar qualquer coisa :/	1128913384748068864	user Me desculpa bb ğŸ˜­ğŸ˜­ğŸ˜­
1128818913570185216	user puro show.	1128819247537430529	user Acho una clase puÃ±o
1128919490417385472	user user Prepara tu garganta	1128950132362420225	user user te espero ;)
1128885783237189632	Me masturbe riquÃ­simo, quien me acompaÃ±a a la prÃ³xima? url	1129006648851390464	user Los hombres disfrutamos la soledad de la masturbaciÃ³n.....las.mujeres anhelan compaÃ±Ã­a....triste
1128667785117216769	Â¿CuÃ¡l es el cafÃ© que mÃ¡s les gusta?	1128833847515328512	user No es muy conocido pero cerca a la biblioteca Luis Ãngel Arango estÃ¡ el cafÃ© WASIKAMAS ... Aparte de ser url
1128840939923918848	UK ğŸ‡¬ğŸ‡§ #MTVLAICONOCALLEYPOCHE #PremiosMTVMiaw	1128848250952474624	user ELLA NO QUIERE GUCCI NI PRADA #MTVLAICONOCALLEYPOCHE #PremiosMTVMiaw
1128999908348956673	user Medio minuto he aguantado... Joder! Que abra la boca cuando habla o que se quite el calcetÃ­n que tiene dentro! Por Dios!	1129016627020873728	user ....has aguanto un minutazo?? Ya eres valiente tu tambiÃ©n!!! ğŸ¤£ğŸ¤£ğŸ¤£
1128883226704007168	Amo ver mensajitos tan bonitos hacia mi Patsy. Ã‰l solo merece amor ğŸ˜	1128883336326332417	Igual yo no quiero que sea capitÃ¡n xd
1128688786118991873	A mi twitter me gusta mucho porque todo el mundo estÃ¡ igual de deprimido que tÃº.	1128866018208698368	user user Te lo iba a retwittear user, no habÃ­a visto que tÃº lo habÃ­as hecho antes ğŸ˜‚ğŸ˜‚ğŸ˜‚. url
1128995141224681478	y la verdad q no url	1128995639151517696	user QUE PASO AQUÃ
1128821323407474692	user Yo solo preguntaba pq lo de machista. Publicidad gratuita que me recuerda al chiste del Hitler, Stalin y el ciclista.	1128822359421595648	user Por las palabras a la diputada es lo de machista, para mÃ­ corresponde. En mi impresiÃ³n el honorable es machista.
1128895912284237824	user user LlÃ©vala al nazismo al menos	1128896670475988993	user user Jjajajajaajaa no, me va a recordar a la otra xd
1128835315349762049	user user user user user user y asÃ­ las pipas en Tlalpan de la bas url	1128930762542276610	user user user user user user user user url
1128387781028454401	Â¿HabrÃ¡ que ir no? Tras la citaciÃ³n de la defensora de los trabajadores, la gloriosa, la creÃ­ble, la respetable CENT url	1129006443590574081	user que desgracia
1128793312209645574	Â¡Lo lograron antes! Â¡Genial! Â¿Vamos por 5K en 25 minutos? CAMPAÃ‘A JULIANTINA #PremiosMTVMIAW url	1128797134994771970	user 13 CAMPAÃ‘A JULIANTINA #PremiosMTVMIAW #MTVLAPAREJAJULIANTINA #MTVLAFANDOMJULIANTINAFANS
1128894547910635521	user La decepciÃ³n, la traiciÃ³n hermano...	1128895390701330433	user Jugaron con mis sentimientos:'c
1128805281423667201	Que lindo darme mis gustos ğŸ˜‹ğŸ˜‹	1128851804735922176	user Yo querÃ­a algÃºn obsequio ğŸ’”
1128874780394835969	Maestros de la #CNTE marcharon en la #CDMX, dijeron que el gobierno del presidente user le copiÃ³ la url	1128982570190950400	user user user Â¡ QuÃ© sea pÃºblica la ReuniÃ³n de LÃ³pez con la CNTE y el SNTE ! Â¡ QuÃ© todos cuiden sus carteras !
1128918785803657216	user No he dicho lo contrario, solo que no es exclusivo de Madrid. La historia de este baile habla de fusiÃ³n de url	1128953112989978624	user QuÃ© idiotez mÃ¡s grande!!! El chotis es madrileÃ±ooooooooooo ! Y no tiene que ver con user
1128820182686851072	Que a esta escena le pusieran "CEO kill the video star" es desternillante #TheSurge #LaOleada #PS4share url	1128827224923226114	user Ya la acabaste??
1128964435375284224	Sos votante de Cambiemos? Q pensas d lo que dijo Cornejo? TE leemos con #Novaresio910 url	1128965263704100864	user Que es un pelotudo
1128904386711760896	ğŸ’™ğŸ’™ğŸ’™ url	1128924525385703424	user Reina, faraona, diosa, te adoro <3
1128863725728018433	user Uno no es monedita de oro para gustarle a todo el mundo. A mÃ­ me han rebotado por las cosas mÃ¡s ğŸ¤·ğŸ»â€â™€ï¸ y ajÃ¡, la vida sigue.	1128864583752605700	user Es asÃ­, todos hemos pasado por eso, pero mucha gente no acepta la vainas
1129017471976038400	Otro enorme daÃ±o patrimonial a la NaciÃ³n la condonaciÃ³n de pagos de factura elÃ©ctrica a clientelas polÃ­ticas del gobierno en Tabasco...	1129018661581271040	user Â¿Dijo algo sobre la condonaciÃ³n de impuestos a grandes empresarios?
1128754689456189441	Hay que ser bien idiota,insensible o correista para no vincular la indignaciÃ³n que produce en un hombre de 86 aÃ±os url	1128867746324930560	user user Pigmeo mental, ya te describirse, pero como se te ocurre culpar de algo que ustede url
1129007052423094272	Cabrones que mucho ustedes joden. Si alguien quiere utilizar la x como marca de gÃ©nero eso es problema de ellos, na url	1129007227749240832	AÃ±ado que todas las palabras que hablamos ahora mismo en algÃºn momento fueron disparates, los quiero hablando lenguas muertas entonces.
1128670610173902848	Â¡Otro que de izquierda sÃ³lo tiene una mano! Â¡VergÃ¼enza ajena! #ElPeorGobiernoDeLaHistoria user user url	1128831809289105409	user user user user user user user user url
1128799632614723585	tengo ansiedad	1129014094051389440	user a ti lo que te falta es una hostia
1128784103472545792	Â¿Jerson GonzÃ¡lez es el gran responsable del actual nivel del AmÃ©rica de Cali? Opina con #LALIGAxWIN	1128836250939600897	user En mi opiniÃ³n la experiencia no va de la mano con el.conocimiento, podes tener 100 aÃ±os y poco conoc url
1128895551897055233	Esto fue karma â˜¹ï¸ğŸ˜‚â˜¹ï¸ğŸ˜‚	1128896250575761408	user Por eso no me siento mal por tiğŸ˜
1128745951533903872	Nunca sean este tipo de amigas url	1128788469470310400	user PODES ENTENDER QUE NO VI ğŸ˜­ğŸ˜­ğŸ˜­ de las 700 pÃ¡ginas que sigo 690 son de tus sorteos suripanta jaajajajajjaa
1128869742087942144	Tenemos nuevo material amores, hoy regalarÃ© un pack: 1 dar fav y rt a esta publicaciÃ³n 2 comentar un piropo muy ori url	1128907277866373120	user Tssss que rico , y vaya que me encanto aquel pack que me obsequiaste !! Solo le falta un gran bigote url
1128865675211137026	user NOSOTRAS JAJAJAJAJAJAAJA url	1128880018497531910	user JAJAJAJJAJ COMO LA FLOOOOOOORRRRR
1128636021967659009	Hoy vuelve a quedar claro quiÃ©n manda en esta ciudad. La policÃ­a ataca al movimiento por la vivienda al dictado de url	1128976530049314816	user Me dan nÃ¡useas leer y escuchar semejantes rebuznos. Tal aversiÃ³n solo puede ser reflejo de algÃºn trauma url
1128786001797799937	1. Hacerme el tatuaje	1128788608192794624	user te vas a hacer un tatuaje tu??
1128841165749403648	Grecia ğŸ‡¬ğŸ‡· #MTVLAICONOCALLEYPOCHE #PremiosMTVMiaw	1128848938981896193	user Noventa y cuatro #PremiosMTVMIAW #MTVLAICONOCALLEYPOCHE
1128799738344615937	La #UNMSM me honrÃ³ como ex alumno distinguido. Agradezco al Rector Cachay. A la derecha con mi esposa e hijo Diego url	1128822858958987264	user Merecido reconocimiento a un seÃ±or de seÃ±ores felicitaciones dr Gonzales posada
1128880914019311618	#FelizJueves BBDD user user user user user user user url	1128923593302315008	user user user user user user user user Buenos dÃ­a url
1128748148833255429	"Si EEUU invade se quedarÃ­a en Vzla 4 o 5 aÃ±os" Antonio de La Cruz user (Especialista en PetrÃ³leo) url	1128963506605297664	user user Es poco tiempo
1128996844078551040	18.000 candidatos para 347 cargos en TucumÃ¡n. 2.227 candidatos a legisladores para 49 bancas. Puede haber hasta 200 url	1129012948817592320	user Q sida este paÃ­s lpmqlrmp
1128837868535865346	En el programa de hoy investigamos cÃ³mo Sartori llegÃ³ a estar segundo en la interna del PN y cuÃ¡nto tuvo que ver el url	1128891348105465857	user El prÃ³ximo programa es de Javier VÃ¡zquez? Capaz q ahÃ­ consiguen algo mÃ¡s de profundidad periodÃ­stica. Lamentable el programa.
1128786067006660608	"El cuervo te dio un tercer ojo, pero no lo abres. Con dos ojos puedes verme la cara. Con tres podrÃ­as verme el cor url	1128837806971686912	user "Es lo mÃ¡s heroico que podemos hacer ahora: mirar la verdad a la cara". Sansa Stark. #GameofThrones url
1127727786423148544	user RodrigoCR en goodreads :)	1128863082095239168	user Te busquÃ©, pero no te hallÃ©. XD
1128788719471878144	user Te esperamos en Monterrey	1128816361583648769	user user Regresa a Monterrey ğŸ™
1128834739954212865	user user user Deberias hacerme uno ahre	1128837647885930496	user user user cuando quieras jajaja
1128841856777904138	Sweet Pain, logra responder a estos argumentos de la siguiente manera: "Dicen que una imagen dice mÃ¡s que mil pala url	1128841858908598272	"Al lado de esta paliza, la peli de La Purga va a parecer un reportaje del dÃ­a de la paz" Sweet Pain No se si muy url
1128955066524872705	S'ha trencat el diÃ leg? Ostres! Hi ha hagut un diÃ leg? Es que no m'aviseu de res!... url	1128983882488061952	user No , eran unos puentes muy raros que se han roto.
1128914676736299009	user De donde es esto, necesito una serie tÃ³xica	1128914802741456897	user Jaja es una pelÃ­cula es la de To all the boys Iâ€™ve love before
1128787641883869184	user user user user Callese abuelo, vaya a buscar a los nietos al ja url	1128972405475561477	user user user user Hable ud. "joven"...pero haga algo bÃ¡sico: url
1128885788354207744	Crecimiento de la economÃ­a colombiana no alcanzÃ³ las proyecciones. url url	1128886847315337216	user La economÃ­a Naranja no cumpliÃ³ con las proyecciones. 10M de bobitos celebran la decisiÃ³n aunque no la entiendan
1128799917324099584	gente tengo miedo me acaban de decir que sabrina publicÃ³ el mismo poema en ig stories pero amikoS YO NO TENGO INSTA url	1128800402265321473	user SI LO SUBIÃ“
1128887284814602241	[#ì˜¤ëŠ˜ì˜ë°©íƒ„] BTS @ The Late Show with Stephen Colbert!ğŸ˜ user #BTSonLSSC url	1128887564428075008	user user LOS AMO
1128821478504509440	Como dijeron los grandes filÃ³sofos de la Arrolladora Banda el LimÃ³n: "Si otros ganan por lo que hacen, yo tambiÃ©n quiero ganar". Fin.	1128987879793864705	user Excelente ! Y muy aplaudible decisiÃ³n. CuÃ¡nto vale lo que se tiene en el cerebro ? Doctor eso sÃ³lo lo url
